Nome,Matrícula
Ana Sophia Mendes,2025001
Pedro Vieira,2025002
Maria Vitória Ramos,2025003
Melissa Costela,2025004
Alexia Rodrigues,2025005
Ian Correia,2025006
Lorena Lopes,2025007
Sr. Augusto Duarte,2025008
Nathan Fogaça,2025009
Nicole da Rosa,2025010
Nicole Moura,2025011
Otávio Nogueira,2025012
Lucas da Luz,2025013
Elisa Fogaça,2025014
Pietro Novaes,2025015
Sr. Otávio Gonçalves,2025016
Vitor Gabriel Lopes,2025017
Yasmin Mendes,2025018
Joaquim Vieira,2025019
Marcelo Ribeiro,2025020
Sarah Oliveira,2025021
Luiz Gustavo da Rosa,2025022
Mirella Farias,2025023
Marcelo Silva,2025024
Raquel Aragão,2025025
Davi Luiz Cavalcanti,2025026
Lavínia Ramos,2025027
Dr. Renan Ramos,2025028
Maitê Souza,2025029
João Gabriel Santos,2025030
Antônio Lima,2025031
Anthony Fogaça,2025032
Mariana Moura,2025033
Pedro Henrique Jesus,2025034
Sra. Stella Mendes,2025035
Marina Barros,2025036
Luiz Fernando Azevedo,2025037
Daniela Gomes,2025038
Nicole Souza,2025039
Valentina Moura,2025040
Dr. Renan da Cunha,2025041
Dr. Enzo Gabriel Cardoso,2025042
Kamilly da Paz,2025043
Luiz Felipe Rezende,2025044
Sr. Raul Gomes,2025045
Pedro Miguel Jesus,2025046
Julia Ferreira,2025047
João Pedro Araújo,2025048
Marcos Vinicius Mendes,2025049
Daniela Correia,2025050
Srta. Maysa Araújo,2025051
Sr. Pedro Miguel Martins,2025052
Matheus Farias,2025053
Bárbara Costa,2025054
Juan Duarte,2025055
Maria Fernanda Cardoso,2025056
Raquel Barros,2025057
Eduarda Gomes,2025058
Sra. Lavínia Lopes,2025059
Dr. João Lucas Mendes,2025060
Maysa Moura,2025061
Ana Sophia Cavalcanti,2025062
Luiza Jesus,2025063
Sr. Davi Lucas da Luz,2025064
Vicente Cardoso,2025065
Mirella Araújo,2025066
Pedro Lucas Araújo,2025067
Gabriel Jesus,2025068
Ana Sales,2025069
Alexia Caldeira,2025070
Sr. Rafael Cardoso,2025071
Cauã Azevedo,2025072
Júlia Martins,2025073
Júlia da Luz,2025074
Gustavo Henrique Silva,2025075
Maria Eduarda Farias,2025076
Olivia Fogaça,2025077
André Sales,2025078
Luigi Lopes,2025079
Isabella Freitas,2025080
Sophia Nogueira,2025081
Vinicius Campos,2025082
Sr. João da Cunha,2025083
Daniel Campos,2025084
Murilo Cunha,2025085
Otávio Castro,2025086
Vitor Gabriel Moraes,2025087
Srta. Sofia Ribeiro,2025088
Luiza Teixeira,2025089
Mariane da Mota,2025090
Ana Luiza Monteiro,2025091
Maria Fernanda Rocha,2025092
Davi Lucca Fernandes,2025093
Juliana Caldeira,2025094
Yuri Aragão,2025095
Antônio da Conceição,2025096
Milena Campos,2025097
Manuela Souza,2025098
Bryan Correia,2025099
Carolina Dias,2025100
